-- --------------------------------------------------------
-- Host:                         127.0.0.1
-- Server version:               5.6.17 - MySQL Community Server (GPL)
-- Server OS:                    Win64
-- HeidiSQL Version:             9.2.0.4947
-- --------------------------------------------------------

/*!40101 SET @OLD_CHARACTER_SET_CLIENT=@@CHARACTER_SET_CLIENT */;
/*!40101 SET NAMES utf8mb4 */;
/*!40014 SET @OLD_FOREIGN_KEY_CHECKS=@@FOREIGN_KEY_CHECKS, FOREIGN_KEY_CHECKS=0 */;
/*!40101 SET @OLD_SQL_MODE=@@SQL_MODE, SQL_MODE='NO_AUTO_VALUE_ON_ZERO' */;

-- Dumping database structure for zf2application
CREATE DATABASE IF NOT EXISTS `zf2application` /*!40100 DEFAULT CHARACTER SET latin1 */;
USE `zf2application`;


-- Dumping structure for table zf2application.cart
CREATE TABLE IF NOT EXISTS `cart` (
  `id` int(11) NOT NULL AUTO_INCREMENT,
  `user_id` int(11) NOT NULL,
  `product_id` int(11) NOT NULL,
  `product_name` varchar(100) NOT NULL,
  `quantity` int(11) NOT NULL,
  `price_unit` float NOT NULL,
  `options` varchar(2000) NOT NULL,
  PRIMARY KEY (`id`,`user_id`,`product_id`)
) ENGINE=InnoDB AUTO_INCREMENT=98 DEFAULT CHARSET=latin1;

-- Dumping data for table zf2application.cart: ~1 rows (approximately)
/*!40000 ALTER TABLE `cart` DISABLE KEYS */;
INSERT INTO `cart` (`id`, `user_id`, `product_id`, `product_name`, `quantity`, `price_unit`, `options`) VALUES
	(97, 7, 9, '2007 Bentley Continental 6.0L W12', 1, 78500, '{"id":"9","year":"2007","registration":"SA6DF1A98SDF1A6SDF16","engine_size":"6.0L W12","keyword":"Mileage 33,425 miles, MPG 10 city \\/ 17 hwy, Trans. Automatic 6-Speed, Engine 6.0L W12, Base AWD 2dr Convertible, Gasoline","maker_id":"Bentley","model_id":"Continental"}');
/*!40000 ALTER TABLE `cart` ENABLE KEYS */;


-- Dumping structure for table zf2application.permission
CREATE TABLE IF NOT EXISTS `permission` (
  `id` int(10) unsigned NOT NULL AUTO_INCREMENT,
  `permission_name` varchar(45) NOT NULL,
  `resource_id` int(10) unsigned NOT NULL,
  PRIMARY KEY (`id`)
) ENGINE=InnoDB AUTO_INCREMENT=35 DEFAULT CHARSET=latin1;

-- Dumping data for table zf2application.permission: ~29 rows (approximately)
/*!40000 ALTER TABLE `permission` DISABLE KEYS */;
INSERT INTO `permission` (`id`, `permission_name`, `resource_id`) VALUES
	(1, 'home', 1),
	(2, 'cart/add-to-cart', 7),
	(3, 'cart', 7),
	(4, 'zfcuser/login', 5),
	(5, 'zfcuser/register', 5),
	(6, 'zfcuser', 5),
	(7, 'zfcadmin', 6),
	(8, 'zfcadmin/vehicles', 6),
	(9, 'zfcadmin/vehicle/add', 6),
	(10, 'zfcadmin/vehicle/edit', 6),
	(11, 'zfcadmin/vehicle/delete', 6),
	(12, 'zfcadmin/makers', 6),
	(13, 'zfcadmin/makers/add', 6),
	(14, 'zfcadmin/makers/edit', 6),
	(15, 'zfcadmin/makers/delete', 6),
	(16, 'zfcadmin/models', 6),
	(17, 'zfcadmin/models/add', 6),
	(18, 'zfcadmin/models/edit', 6),
	(19, 'zfcadmin/models/delete', 6),
	(20, 'zfcadmin/user', 6),
	(21, 'zfcadmin/user/add', 6),
	(22, 'zfcadmin/user/edit', 6),
	(23, 'zfcadmin/user/delete', 6),
	(24, 'zfcuser/logout', 5),
	(30, 'cart/show-cart', 7),
	(31, 'vehicle/details', 2),
	(32, 'vehicle', 2),
	(33, 'sale', 8),
	(34, 'sale/buy', 8);
/*!40000 ALTER TABLE `permission` ENABLE KEYS */;


-- Dumping structure for table zf2application.resource
CREATE TABLE IF NOT EXISTS `resource` (
  `id` int(10) unsigned NOT NULL AUTO_INCREMENT,
  `resource_name` varchar(50) NOT NULL,
  PRIMARY KEY (`id`)
) ENGINE=InnoDB AUTO_INCREMENT=11 DEFAULT CHARSET=latin1;

-- Dumping data for table zf2application.resource: ~8 rows (approximately)
/*!40000 ALTER TABLE `resource` DISABLE KEYS */;
INSERT INTO `resource` (`id`, `resource_name`) VALUES
	(1, 'Application\\Controller\\IndexController'),
	(2, 'Vehicle\\Controller\\VehicleController'),
	(3, 'Maker\\Controller\\MakerController'),
	(4, 'Model\\Controller\\ModelController'),
	(5, 'ZfcUser\\Controller\\UserController'),
	(6, 'ZfcAdmin\\Controller\\AdminController'),
	(7, 'Cart\\Controller\\CartController'),
	(8, 'Sale\\Controller\\SaleController');
/*!40000 ALTER TABLE `resource` ENABLE KEYS */;


-- Dumping structure for table zf2application.role
CREATE TABLE IF NOT EXISTS `role` (
  `rid` int(10) unsigned NOT NULL AUTO_INCREMENT,
  `role_name` varchar(45) NOT NULL,
  `status` enum('Active','Inactive') NOT NULL DEFAULT 'Active',
  PRIMARY KEY (`rid`)
) ENGINE=InnoDB AUTO_INCREMENT=4 DEFAULT CHARSET=utf8;

-- Dumping data for table zf2application.role: ~3 rows (approximately)
/*!40000 ALTER TABLE `role` DISABLE KEYS */;
INSERT INTO `role` (`rid`, `role_name`, `status`) VALUES
	(1, 'admin', 'Active'),
	(2, 'guest', 'Active'),
	(3, 'customer', 'Active');
/*!40000 ALTER TABLE `role` ENABLE KEYS */;


-- Dumping structure for table zf2application.role_permission
CREATE TABLE IF NOT EXISTS `role_permission` (
  `id` int(10) unsigned NOT NULL AUTO_INCREMENT,
  `role_id` int(10) unsigned NOT NULL,
  `permission_id` int(10) unsigned NOT NULL,
  PRIMARY KEY (`id`)
) ENGINE=InnoDB AUTO_INCREMENT=58 DEFAULT CHARSET=latin1;

-- Dumping data for table zf2application.role_permission: ~51 rows (approximately)
/*!40000 ALTER TABLE `role_permission` DISABLE KEYS */;
INSERT INTO `role_permission` (`id`, `role_id`, `permission_id`) VALUES
	(1, 1, 1),
	(2, 1, 2),
	(3, 1, 3),
	(4, 1, 4),
	(5, 1, 5),
	(6, 1, 6),
	(7, 1, 7),
	(8, 1, 8),
	(9, 1, 9),
	(10, 1, 10),
	(11, 1, 11),
	(12, 1, 12),
	(13, 1, 13),
	(14, 1, 14),
	(15, 1, 15),
	(16, 1, 16),
	(17, 1, 17),
	(18, 1, 18),
	(19, 1, 19),
	(20, 1, 20),
	(21, 1, 21),
	(22, 1, 22),
	(23, 1, 23),
	(28, 2, 1),
	(29, 2, 2),
	(30, 2, 3),
	(31, 2, 4),
	(32, 2, 5),
	(33, 2, 6),
	(34, 3, 1),
	(35, 3, 2),
	(36, 3, 3),
	(37, 3, 4),
	(38, 3, 5),
	(39, 3, 6),
	(40, 1, 24),
	(41, 2, 24),
	(42, 3, 24),
	(43, 3, 30),
	(44, 2, 30),
	(45, 1, 30),
	(46, 1, 31),
	(47, 2, 31),
	(48, 3, 31),
	(49, 3, 32),
	(50, 2, 32),
	(51, 1, 32),
	(52, 1, 33),
	(54, 3, 33),
	(55, 3, 34),
	(57, 1, 34);
/*!40000 ALTER TABLE `role_permission` ENABLE KEYS */;


-- Dumping structure for table zf2application.sale
CREATE TABLE IF NOT EXISTS `sale` (
  `id` int(11) NOT NULL AUTO_INCREMENT,
  `user_id` int(11) NOT NULL DEFAULT '0',
  `product_id` int(11) NOT NULL DEFAULT '0',
  `product_name` varchar(100) NOT NULL DEFAULT '0',
  `quantity` int(11) NOT NULL DEFAULT '0',
  `price_unit` float NOT NULL DEFAULT '0',
  `details` varchar(2000) NOT NULL DEFAULT '0',
  `date` datetime NOT NULL DEFAULT CURRENT_TIMESTAMP,
  PRIMARY KEY (`id`)
) ENGINE=InnoDB AUTO_INCREMENT=26 DEFAULT CHARSET=latin1;

-- Dumping data for table zf2application.sale: ~7 rows (approximately)
/*!40000 ALTER TABLE `sale` DISABLE KEYS */;
INSERT INTO `sale` (`id`, `user_id`, `product_id`, `product_name`, `quantity`, `price_unit`, `details`, `date`) VALUES
	(13, 7, 7, '2014 Audi RS 6 4.0L V8', 16, 103997, '{"id":"7","year":"2014","registration":"SA1DF8ASDF6SD1F6ASD1","engine_size":"4.0L V8","keyword":"Mileage 9,070 miles, MPG 16 city \\/ 27 hwy, Trans. Automatic 8-Speed, 4.0L V8, 4.0T quattro Prestige AWD 4dr Sedan, Gasoline","maker_id":"Audi","model_id":"RS 6"}', '2015-08-03 15:02:25'),
	(20, 6, 9, '2007 Bentley Continental 6.0L W12', 1, 78500, '{"id":"9","year":"2007","registration":"SA6DF1A98SDF1A6SDF16","engine_size":"6.0L W12","keyword":"Mileage 33,425 miles, MPG 10 city \\/ 17 hwy, Trans. Automatic 6-Speed, Engine 6.0L W12, Base AWD 2dr Convertible, Gasoline","maker_id":"Bentley","model_id":"Continental"}', '2015-08-03 21:02:49'),
	(21, 6, 7, '2014 Audi RS 6 4.0L V8', 1, 103997, '{"id":"7","year":"2014","registration":"SA1DF8ASDF6SD1F6ASD1","engine_size":"4.0L V8","keyword":"Mileage 9,070 miles, MPG 16 city \\/ 27 hwy, Trans. Automatic 8-Speed, 4.0L V8, 4.0T quattro Prestige AWD 4dr Sedan, Gasoline","maker_id":"Audi","model_id":"RS 6"}', '2015-08-03 21:02:49'),
	(22, 8, 1, '2012 Honda CR-V 2.4L I4', 1, 20995, '{"id":"1","year":"2012","registration":"ADFASF49AS8F9A8S1DF1","engine_size":"2.4L I4","keyword":"Mileage 41,553 miles, MPG 22 city \\/ 30 hwy, Trans. Automatic 5-Speed, Engine 2.4L I4, LX AWD 4dr SUV, Gasoline, 2 doors","maker_id":"Honda","model_id":"CR-V"}', '2015-08-03 21:21:10'),
	(23, 8, 10, '2006 Ferrari F430 4.3L V8', 1, 129800, '{"id":"10","year":"2006","registration":"DF6SADF6SAD1F65SA1DF","engine_size":"4.3L V8","keyword":"Mileage 15,597 miles, MPG 11 city \\/ 16 hwy, Trans. Automatic 6-Speed, Engine 4.3L V8, F1 Spider 2dr Convertible, Gasoline","maker_id":"Ferrari","model_id":"F430"}', '2015-08-03 21:21:10'),
	(24, 7, 1, '2012 Honda CR-V 2.4L I4', 3, 20995, '{"id":"1","year":"2012","registration":"ADFASF49AS8F9A8S1DF1","engine_size":"2.4L I4","keyword":"Mileage 41,553 miles, MPG 22 city \\/ 30 hwy, Trans. Automatic 5-Speed, Engine 2.4L I4, LX AWD 4dr SUV, Gasoline, 2 doors","maker_id":"Honda","model_id":"CR-V"}', '2015-08-03 21:26:41'),
	(25, 7, 5, '2005 Acura NSX 3.2L V6', 1, 30000, '{"id":"5","year":"2005","registration":"S4DF9GSDFG8SDF54GSDG","engine_size":"3.2L V6","keyword":"Mileage 31,600 miles MPG 16 city \\/ 22 hwy, Trans. Manual 6-Speed, 3.2L V6, Base 2dr Coupe, Gasoline","maker_id":"Acura","model_id":"NSX"}', '2015-08-03 21:26:42');
/*!40000 ALTER TABLE `sale` ENABLE KEYS */;


-- Dumping structure for table zf2application.user
CREATE TABLE IF NOT EXISTS `user` (
  `user_id` int(10) unsigned NOT NULL AUTO_INCREMENT,
  `username` varchar(255) DEFAULT NULL,
  `email` varchar(255) DEFAULT NULL,
  `display_name` varchar(50) DEFAULT NULL,
  `password` varchar(128) NOT NULL,
  `state` smallint(6) DEFAULT NULL,
  PRIMARY KEY (`user_id`),
  UNIQUE KEY `username` (`username`),
  UNIQUE KEY `email` (`email`)
) ENGINE=InnoDB AUTO_INCREMENT=9 DEFAULT CHARSET=utf8;

-- Dumping data for table zf2application.user: ~6 rows (approximately)
/*!40000 ALTER TABLE `user` DISABLE KEYS */;
INSERT INTO `user` (`user_id`, `username`, `email`, `display_name`, `password`, `state`) VALUES
	(2, NULL, 'mauromgam@gmail.com', 'Admin', '$2y$14$BYbPReMItvhgIzVsZ8TAv.JBILMpju.Mwe5VhnWk0arOwp5avN68S', NULL),
	(5, NULL, 'teste@teste3.com', NULL, '$2y$14$wqosnp6LPtem8NJNAmxoN.7ZmIALfF8lIoEjTCABT9Alsr8zK4VQm', NULL),
	(6, 'teste', 'teste@teste1.com', 'Test', '$2y$14$QWhd79rqoJc9HOnm7gUO8eulIqbfVY071oYeZo048pEJMVmZ9MiLW', NULL),
	(7, 'New', 'new@new.com', 'New', '$2y$14$PtD5bfM5u28.J9RFBXP52uuZ3OnyeqNCRmg5M8UfmCm6FFGC28I8O', NULL),
	(8, 'test2', 'test2@test2.com', 'Test 2', '$2y$14$bJPsI/z0B52SNzvpKbZ4sOyWnlj.d0EvpBGS.tn93I8OeEpDBshIO', NULL),
	(9, 'Test', 'test@test.com', 'Test', '$2y$14$Ph5j35O79O/O4vQzls5rQ.p2YXDux9ZuB.mh8.h1mHpfGQ1nyK9li', NULL);
/*!40000 ALTER TABLE `user` ENABLE KEYS */;


-- Dumping structure for table zf2application.user_role
CREATE TABLE IF NOT EXISTS `user_role` (
  `id` int(10) unsigned NOT NULL AUTO_INCREMENT,
  `user_id` int(10) unsigned NOT NULL,
  `role_id` int(10) unsigned NOT NULL,
  PRIMARY KEY (`id`)
) ENGINE=InnoDB AUTO_INCREMENT=7 DEFAULT CHARSET=utf8;

-- Dumping data for table zf2application.user_role: ~6 rows (approximately)
/*!40000 ALTER TABLE `user_role` DISABLE KEYS */;
INSERT INTO `user_role` (`id`, `user_id`, `role_id`) VALUES
	(2, 2, 1),
	(3, 5, 3),
	(4, 6, 3),
	(5, 7, 3),
	(6, 8, 3),
	(7, 9, 1);
/*!40000 ALTER TABLE `user_role` ENABLE KEYS */;


-- Dumping structure for table zf2application.vehicle
CREATE TABLE IF NOT EXISTS `vehicle` (
  `id` int(11) NOT NULL AUTO_INCREMENT,
  `maker_id` int(11) NOT NULL DEFAULT '0',
  `model_id` int(11) NOT NULL DEFAULT '0',
  `year` int(11) NOT NULL DEFAULT '0',
  `registration` varchar(50) NOT NULL DEFAULT '0',
  `engine_size` varchar(50) NOT NULL DEFAULT '0',
  `price` double NOT NULL DEFAULT '0',
  `keyword` varchar(1000) NOT NULL DEFAULT '0',
  `active` enum('Active','Inactive') NOT NULL DEFAULT 'Active',
  PRIMARY KEY (`id`),
  KEY `FK_MAKE_TABLE_MAKE_ID` (`maker_id`),
  KEY `FK_MODEL_TABLE_MODEL_ID` (`model_id`),
  CONSTRAINT `FK_MAKE_TABLE_MAKE_ID` FOREIGN KEY (`maker_id`) REFERENCES `vehicle_maker` (`id`),
  CONSTRAINT `FK_MODEL_TABLE_MODEL_ID` FOREIGN KEY (`model_id`) REFERENCES `vehicle_model` (`id`)
) ENGINE=InnoDB AUTO_INCREMENT=12 DEFAULT CHARSET=latin1;

-- Dumping data for table zf2application.vehicle: ~10 rows (approximately)
/*!40000 ALTER TABLE `vehicle` DISABLE KEYS */;
INSERT INTO `vehicle` (`id`, `maker_id`, `model_id`, `year`, `registration`, `engine_size`, `price`, `keyword`, `active`) VALUES
	(1, 26, 521, 2012, 'ADFASF49AS8F9A8S1DWG', '2.4L I4', 20995.02, 'Mileage 41,553 miles, MPG 22 city / 30 hwy, Trans. Automatic 5-Speed, Engine 2.4L I4, LX AWD 4dr SUV, Gasoline, 2 doors', 'Active'),
	(3, 67, 1239, 2012, '9F4SA9D6F1A6SF1D9AJS', '1.8L I4', 16185, 'Mileage 46,648 miles, MPG 51 city / 48 hwy, Trans. CVT, 1.8L I4, Two 4dr Hatchback, Gas/Electric Hybrid', 'Active'),
	(4, 8, 119, 2006, 'DFA6S4DF6EASD1V6A3EG', '3.0L I6', 10490, 'Mileage 102,322 miles, MPG 18 city / 27 hwy, Trans. Automatic 6-Speed, 3.0L I6, 330i, Gasoline', 'Active'),
	(5, 1, 10, 2005, 'S4DF9GSDFG8SDF54GSDD', '3.2L V6', 30000, 'Mileage 31,600 miles MPG 16 city / 22 hwy, Trans. Manual 6-Speed, 3.2L V6, Base 2dr Coupe, Gasoline', 'Active'),
	(6, 37, 724, 2009, 'SADF1ASD98F1ASD6F1SA', '3.5L', 79995, 'Mileage 90,755 miles, 3.5L, Base AWD 4dr SUV, Gasoline', 'Active'),
	(7, 5, 69, 2014, 'SA1DF8ASDF6SD1F6ASFS', '4.0L V8', 103997, 'Mileage 9,070 miles, MPG 16 city / 27 hwy, Trans. Automatic 8-Speed, 4.0L V8, 4.0T quattro Prestige AWD 4dr Sedan, Gasoline', 'Active'),
	(8, 34, 669, 2007, 'D5F1AS6DF16ASDF16ASQ', '6.5L V12', 189800, 'Mileage 16,736 miles, MPG 9 city / 14 hwy, Trans. Automatic 6-Speed, 6.5L V12, LP640 AWD 2dr Coupe, Gasoline', 'Active'),
	(9, 7, 87, 2007, 'SA6DF1A98SDF1A6SDFVA', '6.0L W12', 78500, 'Mileage 33,425 miles, MPG 10 city / 17 hwy, Trans. Automatic 6-Speed, Engine 6.0L W12, Base AWD 2dr Convertible, Gasoline', 'Active'),
	(10, 19, 423, 2006, 'DF6SADF6SAD1F65SA1HF', '4.3L V8', 129800, 'Mileage 15,597 miles, MPG 11 city / 16 hwy, Trans. Automatic 6-Speed, Engine 4.3L V8, F1 Spider 2dr Convertible, Gasoline', 'Active'),
	(11, 49, 1037, 2012, '6DF4AS6F4SA6F4D56DMH', '1.6L I4', 10991, 'Mileage 51,713 miles, MPG 30 city / 38 hwy, Trans. CVT, 1.6 S,Gasoline', 'Active');
/*!40000 ALTER TABLE `vehicle` ENABLE KEYS */;


-- Dumping structure for table zf2application.vehicle_maker
CREATE TABLE IF NOT EXISTS `vehicle_maker` (
  `id` int(11) NOT NULL AUTO_INCREMENT,
  `name` varchar(100) NOT NULL DEFAULT '0',
  PRIMARY KEY (`id`)
) ENGINE=InnoDB AUTO_INCREMENT=73 DEFAULT CHARSET=latin1;

-- Dumping data for table zf2application.vehicle_maker: ~71 rows (approximately)
/*!40000 ALTER TABLE `vehicle_maker` DISABLE KEYS */;
INSERT INTO `vehicle_maker` (`id`, `name`) VALUES
	(1, 'Acura'),
	(2, 'Alfa Romeo'),
	(3, 'AMC'),
	(4, 'Aston Martin'),
	(5, 'Audi'),
	(6, 'Avanti'),
	(7, 'Bentley'),
	(8, 'BMW'),
	(9, 'Buick'),
	(10, 'Cadillac'),
	(11, 'Chevrolet'),
	(12, 'Chrysler'),
	(13, 'Daewoo'),
	(14, 'Daihatsu'),
	(15, 'Datsun'),
	(16, 'DeLorean'),
	(17, 'Dodge'),
	(18, 'Eagle'),
	(19, 'Ferrari'),
	(20, 'FIAT'),
	(21, 'Fisker'),
	(22, 'Ford'),
	(23, 'Freightliner'),
	(24, 'Geo'),
	(25, 'GMC'),
	(26, 'Honda'),
	(27, 'HUMMER'),
	(28, 'Hyundai'),
	(29, 'Infiniti'),
	(30, 'Isuzu'),
	(31, 'Jaguar'),
	(32, 'Jeep'),
	(33, 'Kia'),
	(34, 'Lamborghini'),
	(35, 'Lancia'),
	(36, 'Land Rover'),
	(37, 'Lexus'),
	(38, 'Lincoln'),
	(39, 'Lotus'),
	(40, 'Maserati'),
	(41, 'Maybach'),
	(42, 'Mazda'),
	(43, 'McLaren'),
	(44, 'Mercedes-Benz'),
	(45, 'Mercury'),
	(46, 'Merkur'),
	(47, 'MINI'),
	(48, 'Mitsubishi'),
	(49, 'Nissan'),
	(50, 'Oldsmobile'),
	(51, 'Peugeot'),
	(52, 'Plymouth'),
	(53, 'Pontiac'),
	(54, 'Porsche'),
	(55, 'RAM'),
	(56, 'Renault'),
	(57, 'Rolls-Royce'),
	(58, 'Saab'),
	(59, 'Saturn'),
	(60, 'Scion'),
	(61, 'smart'),
	(62, 'SRT'),
	(63, 'Sterling'),
	(64, 'Subaru'),
	(65, 'Suzuki'),
	(66, 'Tesla'),
	(67, 'Toyota'),
	(68, 'Triumph'),
	(69, 'Volkswagen'),
	(70, 'Volvo'),
	(71, 'Yugo');
/*!40000 ALTER TABLE `vehicle_maker` ENABLE KEYS */;


-- Dumping structure for table zf2application.vehicle_model
CREATE TABLE IF NOT EXISTS `vehicle_model` (
  `id` int(11) NOT NULL AUTO_INCREMENT,
  `maker_id` int(11) NOT NULL DEFAULT '0',
  `name` varchar(50) NOT NULL DEFAULT '0',
  PRIMARY KEY (`id`),
  KEY `FK_VEHICLE_MAKE_TABLE_MAKE_ID` (`maker_id`),
  CONSTRAINT `FK_VEHICLE_MAKE_TABLE_MAKE_ID` FOREIGN KEY (`maker_id`) REFERENCES `vehicle_maker` (`id`)
) ENGINE=InnoDB AUTO_INCREMENT=1316 DEFAULT CHARSET=latin1;

-- Dumping data for table zf2application.vehicle_model: ~1,314 rows (approximately)
/*!40000 ALTER TABLE `vehicle_model` DISABLE KEYS */;
INSERT INTO `vehicle_model` (`id`, `maker_id`, `name`) VALUES
	(1, 1, 'CL Models (4)'),
	(2, 1, '2.2CL'),
	(3, 1, '2.3CL'),
	(4, 1, '3.0CL'),
	(5, 1, '3.2CL'),
	(6, 1, 'ILX'),
	(7, 1, 'Integra'),
	(8, 1, 'Legend'),
	(9, 1, 'MDX'),
	(10, 1, 'NSX'),
	(11, 1, 'RDX'),
	(12, 1, 'RL Models (2)'),
	(13, 1, '3.5 RL'),
	(14, 1, 'RL'),
	(15, 1, 'RSX'),
	(16, 1, 'SLX'),
	(17, 1, 'TL Models (3)'),
	(18, 1, '2.5TL'),
	(19, 1, '3.2TL'),
	(20, 1, 'TL'),
	(21, 1, 'TSX'),
	(22, 1, 'Vigor'),
	(23, 1, 'ZDX'),
	(24, 1, 'Other Acura Models'),
	(25, 2, '164'),
	(26, 2, '8C Competizione'),
	(27, 2, 'GTV-6'),
	(28, 2, 'Milano'),
	(29, 2, 'Spider'),
	(30, 2, 'Other Alfa Romeo Models'),
	(31, 3, 'Alliance'),
	(32, 3, 'Concord'),
	(33, 3, 'Eagle'),
	(34, 3, 'Encore'),
	(35, 3, 'Spirit'),
	(36, 3, 'Other AMC Models'),
	(37, 4, 'DB7'),
	(38, 4, 'DB9'),
	(39, 4, 'DBS'),
	(40, 4, 'Lagonda'),
	(41, 4, 'Rapide'),
	(42, 4, 'V12 Vantage'),
	(43, 4, 'V8 Vantage'),
	(44, 4, 'Vanquish'),
	(45, 4, 'Virage'),
	(46, 4, 'Other Aston Martin Models'),
	(47, 5, '100'),
	(48, 5, '200'),
	(49, 5, '4000'),
	(50, 5, '5000'),
	(51, 5, '80'),
	(52, 5, '90'),
	(53, 5, 'A3'),
	(54, 5, 'A4'),
	(55, 5, 'A5'),
	(56, 5, 'A6'),
	(57, 5, 'A7'),
	(58, 5, 'A8'),
	(59, 5, 'allroad'),
	(60, 5, 'Cabriolet'),
	(61, 5, 'Coupe'),
	(62, 5, 'Q3'),
	(63, 5, 'Q5'),
	(64, 5, 'Q7'),
	(65, 5, 'Quattro'),
	(66, 5, 'R8'),
	(67, 5, 'RS 4'),
	(68, 5, 'RS 5'),
	(69, 5, 'RS 6'),
	(70, 5, 'S4'),
	(71, 5, 'S5'),
	(72, 5, 'S6'),
	(73, 5, 'S7'),
	(74, 5, 'S8'),
	(75, 5, 'TT'),
	(76, 5, 'TT RS'),
	(77, 5, 'TTS'),
	(78, 5, 'V8 Quattro'),
	(79, 5, 'Other Audi Models'),
	(80, 6, 'Convertible'),
	(81, 6, 'Coupe'),
	(82, 6, 'Sedan'),
	(83, 6, 'Other Avanti Models'),
	(84, 7, 'Arnage'),
	(85, 7, 'Azure'),
	(86, 7, 'Brooklands'),
	(87, 7, 'Continental'),
	(88, 7, 'Corniche'),
	(89, 7, 'Eight'),
	(90, 7, 'Mulsanne'),
	(91, 7, 'Turbo R'),
	(92, 7, 'Other Bentley Models'),
	(93, 8, '1 Series (3)'),
	(94, 8, '128i'),
	(95, 8, '135i'),
	(96, 8, '135is'),
	(97, 8, '3 Series (29)'),
	(98, 8, '318i'),
	(99, 8, '318iC'),
	(100, 8, '318iS'),
	(101, 8, '318ti'),
	(102, 8, '320i'),
	(103, 8, '323ci'),
	(104, 8, '323i'),
	(105, 8, '323is'),
	(106, 8, '323iT'),
	(107, 8, '325Ci'),
	(108, 8, '325e'),
	(109, 8, '325es'),
	(110, 8, '325i'),
	(111, 8, '325is'),
	(112, 8, '325iX'),
	(113, 8, '325xi'),
	(114, 8, '328Ci'),
	(115, 8, '328i'),
	(116, 8, '328iS'),
	(117, 8, '328xi'),
	(118, 8, '330Ci'),
	(119, 8, '330i'),
	(120, 8, '330xi'),
	(121, 8, '335d'),
	(122, 8, '335i'),
	(123, 8, '335is'),
	(124, 8, '335xi'),
	(125, 8, 'ActiveHybrid 3'),
	(126, 8, '325'),
	(127, 8, '5 Series (19)'),
	(128, 8, '524td'),
	(129, 8, '525i'),
	(130, 8, '525xi'),
	(131, 8, '528e'),
	(132, 8, '528i'),
	(133, 8, '528iT'),
	(134, 8, '528xi'),
	(135, 8, '530i'),
	(136, 8, '530iT'),
	(137, 8, '530xi'),
	(138, 8, '533i'),
	(139, 8, '535i'),
	(140, 8, '535i Gran Turismo'),
	(141, 8, '535xi'),
	(142, 8, '540i'),
	(143, 8, '545i'),
	(144, 8, '550i'),
	(145, 8, '550i Gran Turismo'),
	(146, 8, 'ActiveHybrid 5'),
	(147, 8, '6 Series (8)'),
	(148, 8, '633CSi'),
	(149, 8, '635CSi'),
	(150, 8, '640i'),
	(151, 8, '640i Gran Coupe'),
	(152, 8, '645Ci'),
	(153, 8, '650i'),
	(154, 8, '650i Gran Coupe'),
	(155, 8, 'L6'),
	(156, 8, '7 Series (15)'),
	(157, 8, '733i'),
	(158, 8, '735i'),
	(159, 8, '735iL'),
	(160, 8, '740i'),
	(161, 8, '740iL'),
	(162, 8, '740Li'),
	(163, 8, '745i'),
	(164, 8, '745Li'),
	(165, 8, '750i'),
	(166, 8, '750iL'),
	(167, 8, '750Li'),
	(168, 8, '760i'),
	(169, 8, '760Li'),
	(170, 8, 'ActiveHybrid 7'),
	(171, 8, 'Alpina B7'),
	(172, 8, '8 Series (4)'),
	(173, 8, '840Ci'),
	(174, 8, '850Ci'),
	(175, 8, '850CSi'),
	(176, 8, '850i'),
	(177, 8, 'L Series (1)'),
	(178, 8, 'L7'),
	(179, 8, 'M Series (8)'),
	(180, 8, '1 Series M'),
	(181, 8, 'M Coupe'),
	(182, 8, 'M Roadster'),
	(183, 8, 'M3'),
	(184, 8, 'M5'),
	(185, 8, 'M6'),
	(186, 8, 'X5 M'),
	(187, 8, 'X6 M'),
	(188, 8, 'X Series (5)'),
	(189, 8, 'ActiveHybrid X6'),
	(190, 8, 'X1'),
	(191, 8, 'X3'),
	(192, 8, 'X5'),
	(193, 8, 'X6'),
	(194, 8, 'Z Series (3)'),
	(195, 8, 'Z3'),
	(196, 8, 'Z4'),
	(197, 8, 'Z8'),
	(198, 8, 'Other BMW Models'),
	(199, 9, 'Century'),
	(200, 9, 'Electra'),
	(201, 9, 'Enclave'),
	(202, 9, 'Encore'),
	(203, 9, 'LaCrosse'),
	(204, 9, 'Le Sabre'),
	(205, 9, 'Lucerne'),
	(206, 9, 'Park Avenue'),
	(207, 9, 'Rainier'),
	(208, 9, 'Reatta'),
	(209, 9, 'Regal'),
	(210, 9, 'Rendezvous'),
	(211, 9, 'Riviera'),
	(212, 9, 'Roadmaster'),
	(213, 9, 'Skyhawk'),
	(214, 9, 'Skylark'),
	(215, 9, 'Somerset'),
	(216, 9, 'Terraza'),
	(217, 9, 'Verano'),
	(218, 9, 'Other Buick Models'),
	(219, 10, 'Allante'),
	(220, 10, 'ATS'),
	(221, 10, 'Brougham'),
	(222, 10, 'Catera'),
	(223, 10, 'Cimarron'),
	(224, 10, 'CTS'),
	(225, 10, 'De Ville'),
	(226, 10, 'DTS'),
	(227, 10, 'Eldorado'),
	(228, 10, 'Escalade'),
	(229, 10, 'Escalade ESV'),
	(230, 10, 'Escalade EXT'),
	(231, 10, 'Fleetwood'),
	(232, 10, 'Seville'),
	(233, 10, 'SRX'),
	(234, 10, 'STS'),
	(235, 10, 'XLR'),
	(236, 10, 'XTS'),
	(237, 10, 'Other Cadillac Models'),
	(238, 11, 'Astro'),
	(239, 11, 'Avalanche'),
	(240, 11, 'Aveo'),
	(241, 11, 'Aveo5'),
	(242, 11, 'Beretta'),
	(243, 11, 'Blazer'),
	(244, 11, 'Camaro'),
	(245, 11, 'Caprice'),
	(246, 11, 'Captiva Sport'),
	(247, 11, 'Cavalier'),
	(248, 11, 'Celebrity'),
	(249, 11, 'Chevette'),
	(250, 11, 'Citation'),
	(251, 11, 'Cobalt'),
	(252, 11, 'Colorado'),
	(253, 11, 'Corsica'),
	(254, 11, 'Corvette'),
	(255, 11, 'Cruze'),
	(256, 11, 'El Camino'),
	(257, 11, 'Equinox'),
	(258, 11, 'Express Van'),
	(259, 11, 'G Van'),
	(260, 11, 'HHR'),
	(261, 11, 'Impala'),
	(262, 11, 'Kodiak C4500'),
	(263, 11, 'Lumina'),
	(264, 11, 'Lumina APV'),
	(265, 11, 'LUV'),
	(266, 11, 'Malibu'),
	(267, 11, 'Metro'),
	(268, 11, 'Monte Carlo'),
	(269, 11, 'Nova'),
	(270, 11, 'Prizm'),
	(271, 11, 'S10 Blazer'),
	(272, 11, 'S10 Pickup'),
	(273, 11, 'Silverado and other C/K1500'),
	(274, 11, 'Silverado and other C/K2500'),
	(275, 11, 'Silverado and other C/K3500'),
	(276, 11, 'Sonic'),
	(277, 11, 'Spark'),
	(278, 11, 'Spectrum'),
	(279, 11, 'Sprint'),
	(280, 11, 'SSR'),
	(281, 11, 'Suburban'),
	(282, 11, 'Tahoe'),
	(283, 11, 'Tracker'),
	(284, 11, 'TrailBlazer'),
	(285, 11, 'TrailBlazer EXT'),
	(286, 11, 'Traverse'),
	(287, 11, 'Uplander'),
	(288, 11, 'Venture'),
	(289, 11, 'Volt'),
	(290, 11, 'Other Chevrolet Models'),
	(291, 12, '200'),
	(292, 12, '300'),
	(293, 12, '300M'),
	(294, 12, 'Aspen'),
	(295, 12, 'Caravan'),
	(296, 12, 'Cirrus'),
	(297, 12, 'Concorde'),
	(298, 12, 'Conquest'),
	(299, 12, 'Cordoba'),
	(300, 12, 'Crossfire'),
	(301, 12, 'E Class'),
	(302, 12, 'Fifth Avenue'),
	(303, 12, 'Grand Voyager'),
	(304, 12, 'Imperial'),
	(305, 12, 'Intrepid'),
	(306, 12, 'Laser'),
	(307, 12, 'LeBaron'),
	(308, 12, 'LHS'),
	(309, 12, 'Neon'),
	(310, 12, 'New Yorker'),
	(311, 12, 'Newport'),
	(312, 12, 'Pacifica'),
	(313, 12, 'Prowler'),
	(314, 12, 'PT Cruiser'),
	(315, 12, 'Sebring'),
	(316, 12, 'TC by Maserati'),
	(317, 12, 'Town & Country'),
	(318, 12, 'Voyager'),
	(319, 12, 'Other Chrysler Models'),
	(320, 13, 'Lanos'),
	(321, 13, 'Leganza'),
	(322, 13, 'Nubira'),
	(323, 13, 'Other Daewoo Models'),
	(324, 14, 'Charade'),
	(325, 14, 'Rocky'),
	(326, 14, 'Other Daihatsu Models'),
	(327, 15, '200SX'),
	(328, 15, '210'),
	(329, 15, '280ZX'),
	(330, 15, '300ZX'),
	(331, 15, '310'),
	(332, 15, '510'),
	(333, 15, '720'),
	(334, 15, '810'),
	(335, 15, 'Maxima'),
	(336, 15, 'Pickup'),
	(337, 15, 'Pulsar'),
	(338, 15, 'Sentra'),
	(339, 15, 'Stanza'),
	(340, 15, 'Other Datsun Models'),
	(341, 16, 'DMC-12'),
	(342, 17, '400'),
	(343, 17, '600'),
	(344, 17, 'Aries'),
	(345, 17, 'Avenger'),
	(346, 17, 'Caliber'),
	(347, 17, 'Caravan'),
	(348, 17, 'Challenger'),
	(349, 17, 'Charger'),
	(350, 17, 'Colt'),
	(351, 17, 'Conquest'),
	(352, 17, 'D/W Truck'),
	(353, 17, 'Dakota'),
	(354, 17, 'Dart'),
	(355, 17, 'Daytona'),
	(356, 17, 'Diplomat'),
	(357, 17, 'Durango'),
	(358, 17, 'Dynasty'),
	(359, 17, 'Grand Caravan'),
	(360, 17, 'Intrepid'),
	(361, 17, 'Journey'),
	(362, 17, 'Lancer'),
	(363, 17, 'Magnum'),
	(364, 17, 'Mirada'),
	(365, 17, 'Monaco'),
	(366, 17, 'Neon'),
	(367, 17, 'Nitro'),
	(368, 17, 'Omni'),
	(369, 17, 'Raider'),
	(370, 17, 'Ram 1500 Truck'),
	(371, 17, 'Ram 2500 Truck'),
	(372, 17, 'Ram 3500 Truck'),
	(373, 17, 'Ram 4500 Truck'),
	(374, 17, 'Ram 50 Truck'),
	(375, 17, 'RAM C/V'),
	(376, 17, 'Ram SRT-10'),
	(377, 17, 'Ram Van'),
	(378, 17, 'Ram Wagon'),
	(379, 17, 'Ramcharger'),
	(380, 17, 'Rampage'),
	(381, 17, 'Shadow'),
	(382, 17, 'Spirit'),
	(383, 17, 'Sprinter'),
	(384, 17, 'SRT-4'),
	(385, 17, 'St. Regis'),
	(386, 17, 'Stealth'),
	(387, 17, 'Stratus'),
	(388, 17, 'Viper'),
	(389, 17, 'Other Dodge Models'),
	(390, 18, 'Medallion'),
	(391, 18, 'Premier'),
	(392, 18, 'Summit'),
	(393, 18, 'Talon'),
	(394, 18, 'Vision'),
	(395, 18, 'Other Eagle Models'),
	(396, 19, '308 GTB Quattrovalvole'),
	(397, 19, '308 GTBI'),
	(398, 19, '308 GTS Quattrovalvole'),
	(399, 19, '308 GTSI'),
	(400, 19, '328 GTB'),
	(401, 19, '328 GTS'),
	(402, 19, '348 GTB'),
	(403, 19, '348 GTS'),
	(404, 19, '348 Spider'),
	(405, 19, '348 TB'),
	(406, 19, '348 TS'),
	(407, 19, '360'),
	(408, 19, '456 GT'),
	(409, 19, '456M GT'),
	(410, 19, '458 Italia'),
	(411, 19, '512 BBi'),
	(412, 19, '512M'),
	(413, 19, '512TR'),
	(414, 19, '550 Maranello'),
	(415, 19, '575M Maranello'),
	(416, 19, '599 GTB Fiorano'),
	(417, 19, '599 GTO'),
	(418, 19, '612 Scaglietti'),
	(419, 19, 'California'),
	(420, 19, 'Enzo'),
	(421, 19, 'F355'),
	(422, 19, 'F40'),
	(423, 19, 'F430'),
	(424, 19, 'F50'),
	(425, 19, 'FF'),
	(426, 19, 'Mondial'),
	(427, 19, 'Testarossa'),
	(428, 19, 'Other Ferrari Models'),
	(429, 20, '2000 Spider'),
	(430, 20, '500'),
	(431, 20, 'Bertone X1/9'),
	(432, 20, 'Brava'),
	(433, 20, 'Pininfarina Spider'),
	(434, 20, 'Strada'),
	(435, 20, 'X1/9'),
	(436, 20, 'Other Fiat Models'),
	(437, 21, 'Karma'),
	(438, 22, 'Aerostar'),
	(439, 22, 'Aspire'),
	(440, 22, 'Bronco'),
	(441, 22, 'Bronco II'),
	(442, 22, 'C-MAX'),
	(443, 22, 'Club Wagon'),
	(444, 22, 'Contour'),
	(445, 22, 'Courier'),
	(446, 22, 'Crown Victoria'),
	(447, 22, 'E-150 and Econoline 150'),
	(448, 22, 'E-250 and Econoline 250'),
	(449, 22, 'E-350 and Econoline 350'),
	(450, 22, 'Edge'),
	(451, 22, 'Escape'),
	(452, 22, 'Escort'),
	(453, 22, 'Excursion'),
	(454, 22, 'EXP'),
	(455, 22, 'Expedition'),
	(456, 22, 'Expedition EL'),
	(457, 22, 'Explorer'),
	(458, 22, 'Explorer Sport Trac'),
	(459, 22, 'F100'),
	(460, 22, 'F150'),
	(461, 22, 'F250'),
	(462, 22, 'F350'),
	(463, 22, 'F450'),
	(464, 22, 'Fairmont'),
	(465, 22, 'Festiva'),
	(466, 22, 'Fiesta'),
	(467, 22, 'Five Hundred'),
	(468, 22, 'Flex'),
	(469, 22, 'Focus'),
	(470, 22, 'Freestar'),
	(471, 22, 'Freestyle'),
	(472, 22, 'Fusion'),
	(473, 22, 'Granada'),
	(474, 22, 'GT'),
	(475, 22, 'LTD'),
	(476, 22, 'Mustang'),
	(477, 22, 'Probe'),
	(478, 22, 'Ranger'),
	(479, 22, 'Taurus'),
	(480, 22, 'Taurus X'),
	(481, 22, 'Tempo'),
	(482, 22, 'Thunderbird'),
	(483, 22, 'Transit Connect'),
	(484, 22, 'Windstar'),
	(485, 22, 'ZX2 Escort'),
	(486, 22, 'Other Ford Models'),
	(487, 23, 'Sprinter'),
	(488, 24, 'Metro'),
	(489, 24, 'Prizm'),
	(490, 24, 'Spectrum'),
	(491, 24, 'Storm'),
	(492, 24, 'Tracker'),
	(493, 24, 'Other Geo Models'),
	(494, 25, 'Acadia'),
	(495, 25, 'Caballero'),
	(496, 25, 'Canyon'),
	(497, 25, 'Envoy'),
	(498, 25, 'Envoy XL'),
	(499, 25, 'Envoy XUV'),
	(500, 25, 'Jimmy'),
	(501, 25, 'Rally Wagon'),
	(502, 25, 'S15 Jimmy'),
	(503, 25, 'S15 Pickup'),
	(504, 25, 'Safari'),
	(505, 25, 'Savana'),
	(506, 25, 'Sierra C/K1500'),
	(507, 25, 'Sierra C/K2500'),
	(508, 25, 'Sierra C/K3500'),
	(509, 25, 'Sonoma'),
	(510, 25, 'Suburban'),
	(511, 25, 'Syclone'),
	(512, 25, 'Terrain'),
	(513, 25, 'TopKick C4500'),
	(514, 25, 'Typhoon'),
	(515, 25, 'Vandura'),
	(516, 25, 'Yukon'),
	(517, 25, 'Yukon XL'),
	(518, 25, 'Other GMC Models'),
	(519, 26, 'Accord'),
	(520, 26, 'Civic'),
	(521, 26, 'CR-V'),
	(522, 26, 'CR-Z'),
	(523, 26, 'CRX'),
	(524, 26, 'Crosstour and Accord Crosstour Models (2)'),
	(525, 26, 'Accord Crosstour'),
	(526, 26, 'Crosstour'),
	(527, 26, 'Del Sol'),
	(528, 26, 'Element'),
	(529, 26, 'Fit'),
	(530, 26, 'Insight'),
	(531, 26, 'Odyssey'),
	(532, 26, 'Passport'),
	(533, 26, 'Pilot'),
	(534, 26, 'Prelude'),
	(535, 26, 'Ridgeline'),
	(536, 26, 'S2000'),
	(537, 26, 'Other Honda Models'),
	(538, 27, 'H1'),
	(539, 27, 'H2'),
	(540, 27, 'H3'),
	(541, 27, 'H3T'),
	(542, 27, 'Other Hummer Models'),
	(543, 28, 'Accent'),
	(544, 28, 'Azera'),
	(545, 28, 'Elantra'),
	(546, 28, 'Elantra Coupe'),
	(547, 28, 'Elantra Touring'),
	(548, 28, 'Entourage'),
	(549, 28, 'Equus'),
	(550, 28, 'Excel'),
	(551, 28, 'Genesis'),
	(552, 28, 'Genesis Coupe'),
	(553, 28, 'Santa Fe'),
	(554, 28, 'Scoupe'),
	(555, 28, 'Sonata'),
	(556, 28, 'Tiburon'),
	(557, 28, 'Tucson'),
	(558, 28, 'Veloster'),
	(559, 28, 'Veracruz'),
	(560, 28, 'XG300'),
	(561, 28, 'XG350'),
	(562, 28, 'Other Hyundai Models'),
	(563, 29, 'EX Models (2)'),
	(564, 29, 'EX35'),
	(565, 29, 'EX37'),
	(566, 29, 'FX Models (4)'),
	(567, 29, 'FX35'),
	(568, 29, 'FX37'),
	(569, 29, 'FX45'),
	(570, 29, 'FX50'),
	(571, 29, 'G Models (4)'),
	(572, 29, 'G20'),
	(573, 29, 'G25'),
	(574, 29, 'G35'),
	(575, 29, 'G37'),
	(576, 29, 'I Models (2)'),
	(577, 29, 'I30'),
	(578, 29, 'I35'),
	(579, 29, 'J Models (1)'),
	(580, 29, 'J30'),
	(581, 29, 'JX Models (1)'),
	(582, 29, 'JX35'),
	(583, 29, 'M Models (6)'),
	(584, 29, 'M30'),
	(585, 29, 'M35'),
	(586, 29, 'M35h'),
	(587, 29, 'M37'),
	(588, 29, 'M45'),
	(589, 29, 'M56'),
	(590, 29, 'Q Models (1)'),
	(591, 29, 'Q45'),
	(592, 29, 'QX Models (2)'),
	(593, 29, 'QX4'),
	(594, 29, 'QX56'),
	(595, 29, 'Other Infiniti Models'),
	(596, 30, 'Amigo'),
	(597, 30, 'Ascender'),
	(598, 30, 'Axiom'),
	(599, 30, 'Hombre'),
	(600, 30, 'i-280'),
	(601, 30, 'i-290'),
	(602, 30, 'i-350'),
	(603, 30, 'i-370'),
	(604, 30, 'I-Mark'),
	(605, 30, 'Impulse'),
	(606, 30, 'Oasis'),
	(607, 30, 'Pickup'),
	(608, 30, 'Rodeo'),
	(609, 30, 'Stylus'),
	(610, 30, 'Trooper'),
	(611, 30, 'Trooper II'),
	(612, 30, 'VehiCROSS'),
	(613, 30, 'Other Isuzu Models'),
	(614, 31, 'S-Type'),
	(615, 31, 'X-Type'),
	(616, 31, 'XF'),
	(617, 31, 'XJ Series (10)'),
	(618, 31, 'XJ12'),
	(619, 31, 'XJ6'),
	(620, 31, 'XJR'),
	(621, 31, 'XJR-S'),
	(622, 31, 'XJS'),
	(623, 31, 'XJ Vanden Plas'),
	(624, 31, 'XJ'),
	(625, 31, 'XJ8'),
	(626, 31, 'XJ8 L'),
	(627, 31, 'XJ Sport'),
	(628, 31, 'XK Series (3)'),
	(629, 31, 'XK8'),
	(630, 31, 'XK'),
	(631, 31, 'XKR'),
	(632, 31, 'Other Jaguar Models'),
	(633, 32, 'Cherokee'),
	(634, 32, 'CJ'),
	(635, 32, 'Comanche'),
	(636, 32, 'Commander'),
	(637, 32, 'Compass'),
	(638, 32, 'Grand Cherokee'),
	(639, 32, 'Grand Wagoneer'),
	(640, 32, 'Liberty'),
	(641, 32, 'Patriot'),
	(642, 32, 'Pickup'),
	(643, 32, 'Scrambler'),
	(644, 32, 'Wagoneer'),
	(645, 32, 'Wrangler'),
	(646, 32, 'Other Jeep Models'),
	(647, 33, 'Amanti'),
	(648, 33, 'Borrego'),
	(649, 33, 'Forte'),
	(650, 33, 'Forte Koup'),
	(651, 33, 'Optima'),
	(652, 33, 'Rio'),
	(653, 33, 'Rio5'),
	(654, 33, 'Rondo'),
	(655, 33, 'Sedona'),
	(656, 33, 'Sephia'),
	(657, 33, 'Sorento'),
	(658, 33, 'Soul'),
	(659, 33, 'Spectra'),
	(660, 33, 'Spectra5'),
	(661, 33, 'Sportage'),
	(662, 33, 'Other Kia Models'),
	(663, 34, 'Aventador'),
	(664, 34, 'Countach'),
	(665, 34, 'Diablo'),
	(666, 34, 'Gallardo'),
	(667, 34, 'Jalpa'),
	(668, 34, 'LM002'),
	(669, 34, 'Murcielago'),
	(670, 34, 'Other Lamborghini Models'),
	(671, 35, 'Beta'),
	(672, 35, 'Zagato'),
	(673, 35, 'Other Lancia Models'),
	(674, 36, 'Defender'),
	(675, 36, 'Discovery'),
	(676, 36, 'Freelander'),
	(677, 36, 'LR2'),
	(678, 36, 'LR3'),
	(679, 36, 'LR4'),
	(680, 36, 'Range Rover'),
	(681, 36, 'Range Rover Evoque'),
	(682, 36, 'Range Rover Sport'),
	(683, 36, 'Other Land Rover Models'),
	(684, 37, 'CT Models (1)'),
	(685, 37, 'CT 200h'),
	(686, 37, 'ES Models (5)'),
	(687, 37, 'ES 250'),
	(688, 37, 'ES 300'),
	(689, 37, 'ES 300h'),
	(690, 37, 'ES 330'),
	(691, 37, 'ES 350'),
	(692, 37, 'GS Models (6)'),
	(693, 37, 'GS 300'),
	(694, 37, 'GS 350'),
	(695, 37, 'GS 400'),
	(696, 37, 'GS 430'),
	(697, 37, 'GS 450h'),
	(698, 37, 'GS 460'),
	(699, 37, 'GX Models (2)'),
	(700, 37, 'GX 460'),
	(701, 37, 'GX 470'),
	(702, 37, 'HS Models (1)'),
	(703, 37, 'HS 250h'),
	(704, 37, 'IS Models (6)'),
	(705, 37, 'IS 250'),
	(706, 37, 'IS 250C'),
	(707, 37, 'IS 300'),
	(708, 37, 'IS 350'),
	(709, 37, 'IS 350C'),
	(710, 37, 'IS F'),
	(711, 37, 'LFA'),
	(712, 37, 'LS Models (4)'),
	(713, 37, 'LS 400'),
	(714, 37, 'LS 430'),
	(715, 37, 'LS 460'),
	(716, 37, 'LS 600h'),
	(717, 37, 'LX Models (3)'),
	(718, 37, 'LX 450'),
	(719, 37, 'LX 470'),
	(720, 37, 'LX 570'),
	(721, 37, 'RX Models (5)'),
	(722, 37, 'RX 300'),
	(723, 37, 'RX 330'),
	(724, 37, 'RX 350'),
	(725, 37, 'RX 400h'),
	(726, 37, 'RX 450h'),
	(727, 37, 'SC Models (3)'),
	(728, 37, 'SC 300'),
	(729, 37, 'SC 400'),
	(730, 37, 'SC 430'),
	(731, 37, 'Other Lexus Models'),
	(732, 38, 'Aviator'),
	(733, 38, 'Blackwood'),
	(734, 38, 'Continental'),
	(735, 38, 'LS'),
	(736, 38, 'Mark LT'),
	(737, 38, 'Mark VI'),
	(738, 38, 'Mark VII'),
	(739, 38, 'Mark VIII'),
	(740, 38, 'MKS'),
	(741, 38, 'MKT'),
	(742, 38, 'MKX'),
	(743, 38, 'MKZ'),
	(744, 38, 'Navigator'),
	(745, 38, 'Navigator L'),
	(746, 38, 'Town Car'),
	(747, 38, 'Zephyr'),
	(748, 38, 'Other Lincoln Models'),
	(749, 39, 'Elan'),
	(750, 39, 'Elise'),
	(751, 39, 'Esprit'),
	(752, 39, 'Evora'),
	(753, 39, 'Exige'),
	(754, 39, 'Other Lotus Models'),
	(755, 40, '430'),
	(756, 40, 'Biturbo'),
	(757, 40, 'Coupe'),
	(758, 40, 'GranSport'),
	(759, 40, 'GranTurismo'),
	(760, 40, 'Quattroporte'),
	(761, 40, 'Spyder'),
	(762, 40, 'Other Maserati Models'),
	(763, 41, '57'),
	(764, 41, '62'),
	(765, 41, 'Other Maybach Models'),
	(766, 42, '323'),
	(767, 42, '626'),
	(768, 42, '929'),
	(769, 42, 'B-Series Pickup'),
	(770, 42, 'CX-5'),
	(771, 42, 'CX-7'),
	(772, 42, 'CX-9'),
	(773, 42, 'GLC'),
	(774, 42, 'MAZDA2'),
	(775, 42, 'MAZDA3'),
	(776, 42, 'MAZDA5'),
	(777, 42, 'MAZDA6'),
	(778, 42, 'MAZDASPEED3'),
	(779, 42, 'MAZDASPEED6'),
	(780, 42, 'Miata MX5'),
	(781, 42, 'Millenia'),
	(782, 42, 'MPV'),
	(783, 42, 'MX3'),
	(784, 42, 'MX6'),
	(785, 42, 'Navajo'),
	(786, 42, 'Protege'),
	(787, 42, 'Protege5'),
	(788, 42, 'RX-7'),
	(789, 42, 'RX-8'),
	(790, 42, 'Tribute'),
	(791, 42, 'Other Mazda Models'),
	(792, 43, 'MP4-12C'),
	(793, 44, '190 Class (2)'),
	(794, 44, '190D'),
	(795, 44, '190E'),
	(796, 44, '240 Class (1)'),
	(797, 44, '240D'),
	(798, 44, '300 Class / E Class (6)'),
	(799, 44, '300CD'),
	(800, 44, '300CE'),
	(801, 44, '300D'),
	(802, 44, '300E'),
	(803, 44, '300TD'),
	(804, 44, '300TE'),
	(805, 44, 'C Class (13)'),
	(806, 44, 'C220'),
	(807, 44, 'C230'),
	(808, 44, 'C240'),
	(809, 44, 'C250'),
	(810, 44, 'C280'),
	(811, 44, 'C300'),
	(812, 44, 'C320'),
	(813, 44, 'C32 AMG'),
	(814, 44, 'C350'),
	(815, 44, 'C36 AMG'),
	(816, 44, 'C43 AMG'),
	(817, 44, 'C55 AMG'),
	(818, 44, 'C63 AMG'),
	(819, 44, 'CL Class (6)'),
	(820, 44, 'CL500'),
	(821, 44, 'CL550'),
	(822, 44, 'CL55 AMG'),
	(823, 44, 'CL600'),
	(824, 44, 'CL63 AMG'),
	(825, 44, 'CL65 AMG'),
	(826, 44, 'CLK Class (7)'),
	(827, 44, 'CLK320'),
	(828, 44, 'CLK350'),
	(829, 44, 'CLK430'),
	(830, 44, 'CLK500'),
	(831, 44, 'CLK550'),
	(832, 44, 'CLK55 AMG'),
	(833, 44, 'CLK63 AMG'),
	(834, 44, 'CLS Class (4)'),
	(835, 44, 'CLS500'),
	(836, 44, 'CLS550'),
	(837, 44, 'CLS55 AMG'),
	(838, 44, 'CLS63 AMG'),
	(839, 44, 'E Class (18)'),
	(840, 44, '260E'),
	(841, 44, '280CE'),
	(842, 44, '280E'),
	(843, 44, '400E'),
	(844, 44, '500E'),
	(845, 44, 'E300'),
	(846, 44, 'E320'),
	(847, 44, 'E320 Bluetec'),
	(848, 44, 'E320 CDI'),
	(849, 44, 'E350'),
	(850, 44, 'E350 Bluetec'),
	(851, 44, 'E400 Hybrid'),
	(852, 44, 'E420'),
	(853, 44, 'E430'),
	(854, 44, 'E500'),
	(855, 44, 'E550'),
	(856, 44, 'E55 AMG'),
	(857, 44, 'E63 AMG'),
	(858, 44, 'G Class (4)'),
	(859, 44, 'G500'),
	(860, 44, 'G550'),
	(861, 44, 'G55 AMG'),
	(862, 44, 'G63 AMG'),
	(863, 44, 'GL Class (5)'),
	(864, 44, 'GL320 Bluetec'),
	(865, 44, 'GL320 CDI'),
	(866, 44, 'GL350 Bluetec'),
	(867, 44, 'GL450'),
	(868, 44, 'GL550'),
	(869, 44, 'GLK Class (1)'),
	(870, 44, 'GLK350'),
	(871, 44, 'M Class (11)'),
	(872, 44, 'ML320'),
	(873, 44, 'ML320 Bluetec'),
	(874, 44, 'ML320 CDI'),
	(875, 44, 'ML350'),
	(876, 44, 'ML350 Bluetec'),
	(877, 44, 'ML430'),
	(878, 44, 'ML450 Hybrid'),
	(879, 44, 'ML500'),
	(880, 44, 'ML550'),
	(881, 44, 'ML55 AMG'),
	(882, 44, 'ML63 AMG'),
	(883, 44, 'R Class (6)'),
	(884, 44, 'R320 Bluetec'),
	(885, 44, 'R320 CDI'),
	(886, 44, 'R350'),
	(887, 44, 'R350 Bluetec'),
	(888, 44, 'R500'),
	(889, 44, 'R63 AMG'),
	(890, 44, 'S Class (30)'),
	(891, 44, '300SD'),
	(892, 44, '300SDL'),
	(893, 44, '300SE'),
	(894, 44, '300SEL'),
	(895, 44, '350SD'),
	(896, 44, '350SDL'),
	(897, 44, '380SE'),
	(898, 44, '380SEC'),
	(899, 44, '380SEL'),
	(900, 44, '400SE'),
	(901, 44, '400SEL'),
	(902, 44, '420SEL'),
	(903, 44, '500SEC'),
	(904, 44, '500SEL'),
	(905, 44, '560SEC'),
	(906, 44, '560SEL'),
	(907, 44, '600SEC'),
	(908, 44, '600SEL'),
	(909, 44, 'S320'),
	(910, 44, 'S350'),
	(911, 44, 'S350 Bluetec'),
	(912, 44, 'S400 Hybrid'),
	(913, 44, 'S420'),
	(914, 44, 'S430'),
	(915, 44, 'S500'),
	(916, 44, 'S550'),
	(917, 44, 'S55 AMG'),
	(918, 44, 'S600'),
	(919, 44, 'S63 AMG'),
	(920, 44, 'S65 AMG'),
	(921, 44, 'SL Class (13)'),
	(922, 44, '300SL'),
	(923, 44, '380SL'),
	(924, 44, '380SLC'),
	(925, 44, '500SL'),
	(926, 44, '560SL'),
	(927, 44, '600SL'),
	(928, 44, 'SL320'),
	(929, 44, 'SL500'),
	(930, 44, 'SL550'),
	(931, 44, 'SL55 AMG'),
	(932, 44, 'SL600'),
	(933, 44, 'SL63 AMG'),
	(934, 44, 'SL65 AMG'),
	(935, 44, 'SLK Class (8)'),
	(936, 44, 'SLK230'),
	(937, 44, 'SLK250'),
	(938, 44, 'SLK280'),
	(939, 44, 'SLK300'),
	(940, 44, 'SLK320'),
	(941, 44, 'SLK32 AMG'),
	(942, 44, 'SLK350'),
	(943, 44, 'SLK55 AMG'),
	(944, 44, 'SLR Class (1)'),
	(945, 44, 'SLR'),
	(946, 44, 'SLS Class (1)'),
	(947, 44, 'SLS AMG'),
	(948, 44, 'Sprinter Class (1)'),
	(949, 44, 'Sprinter'),
	(950, 44, 'Other Mercedes-Benz Models'),
	(951, 45, 'Capri'),
	(952, 45, 'Cougar'),
	(953, 45, 'Grand Marquis'),
	(954, 45, 'Lynx'),
	(955, 45, 'Marauder'),
	(956, 45, 'Mariner'),
	(957, 45, 'Marquis'),
	(958, 45, 'Milan'),
	(959, 45, 'Montego'),
	(960, 45, 'Monterey'),
	(961, 45, 'Mountaineer'),
	(962, 45, 'Mystique'),
	(963, 45, 'Sable'),
	(964, 45, 'Topaz'),
	(965, 45, 'Tracer'),
	(966, 45, 'Villager'),
	(967, 45, 'Zephyr'),
	(968, 45, 'Other Mercury Models'),
	(969, 46, 'Scorpio'),
	(970, 46, 'XR4Ti'),
	(971, 46, 'Other Merkur Models'),
	(972, 47, 'Cooper Clubman Models (2)'),
	(973, 47, 'Cooper Clubman'),
	(974, 47, 'Cooper S Clubman'),
	(975, 47, 'Cooper Countryman Models (2)'),
	(976, 47, 'Cooper Countryman'),
	(977, 47, 'Cooper S Countryman'),
	(978, 47, 'Cooper Coupe Models (2)'),
	(979, 47, 'Cooper Coupe'),
	(980, 47, 'Cooper S Coupe'),
	(981, 47, 'Cooper Models (2)'),
	(982, 47, 'Cooper'),
	(983, 47, 'Cooper S'),
	(984, 47, 'Cooper Roadster Models (2)'),
	(985, 47, 'Cooper Roadster'),
	(986, 47, 'Cooper S Roadster'),
	(987, 48, '3000GT'),
	(988, 48, 'Cordia'),
	(989, 48, 'Diamante'),
	(990, 48, 'Eclipse'),
	(991, 48, 'Endeavor'),
	(992, 48, 'Expo'),
	(993, 48, 'Galant'),
	(994, 48, 'i'),
	(995, 48, 'Lancer'),
	(996, 48, 'Lancer Evolution'),
	(997, 48, 'Mighty Max'),
	(998, 48, 'Mirage'),
	(999, 48, 'Montero'),
	(1000, 48, 'Montero Sport'),
	(1001, 48, 'Outlander'),
	(1002, 48, 'Outlander Sport'),
	(1003, 48, 'Precis'),
	(1004, 48, 'Raider'),
	(1005, 48, 'Sigma'),
	(1006, 48, 'Starion'),
	(1007, 48, 'Tredia'),
	(1008, 48, 'Van'),
	(1009, 48, 'Other Mitsubishi Models'),
	(1010, 49, '200SX'),
	(1011, 49, '240SX'),
	(1012, 49, '300ZX'),
	(1013, 49, '350Z'),
	(1014, 49, '370Z'),
	(1015, 49, 'Altima'),
	(1016, 49, 'Armada'),
	(1017, 49, 'Axxess'),
	(1018, 49, 'Cube'),
	(1019, 49, 'Frontier'),
	(1020, 49, 'GT-R'),
	(1021, 49, 'Juke'),
	(1022, 49, 'Leaf'),
	(1023, 49, 'Maxima'),
	(1024, 49, 'Murano'),
	(1025, 49, 'Murano CrossCabriolet'),
	(1026, 49, 'NV'),
	(1027, 49, 'NX'),
	(1028, 49, 'Pathfinder'),
	(1029, 49, 'Pickup'),
	(1030, 49, 'Pulsar'),
	(1031, 49, 'Quest'),
	(1032, 49, 'Rogue'),
	(1033, 49, 'Sentra'),
	(1034, 49, 'Stanza'),
	(1035, 49, 'Titan'),
	(1036, 49, 'Van'),
	(1037, 49, 'Versa'),
	(1038, 49, 'Xterra'),
	(1039, 49, 'Other Nissan Models'),
	(1040, 50, '88'),
	(1041, 50, 'Achieva'),
	(1042, 50, 'Alero'),
	(1043, 50, 'Aurora'),
	(1044, 50, 'Bravada'),
	(1045, 50, 'Custom Cruiser'),
	(1046, 50, 'Cutlass'),
	(1047, 50, 'Cutlass Calais'),
	(1048, 50, 'Cutlass Ciera'),
	(1049, 50, 'Cutlass Supreme'),
	(1050, 50, 'Firenza'),
	(1051, 50, 'Intrigue'),
	(1052, 50, 'Ninety-Eight'),
	(1053, 50, 'Omega'),
	(1054, 50, 'Regency'),
	(1055, 50, 'Silhouette'),
	(1056, 50, 'Toronado'),
	(1057, 50, 'Other Oldsmobile Models'),
	(1058, 51, '405'),
	(1059, 51, '504'),
	(1060, 51, '505'),
	(1061, 51, '604'),
	(1062, 51, 'Other Peugeot Models'),
	(1063, 52, 'Acclaim'),
	(1064, 52, 'Arrow'),
	(1065, 52, 'Breeze'),
	(1066, 52, 'Caravelle'),
	(1067, 52, 'Champ'),
	(1068, 52, 'Colt'),
	(1069, 52, 'Conquest'),
	(1070, 52, 'Gran Fury'),
	(1071, 52, 'Grand Voyager'),
	(1072, 52, 'Horizon'),
	(1073, 52, 'Laser'),
	(1074, 52, 'Neon'),
	(1075, 52, 'Prowler'),
	(1076, 52, 'Reliant'),
	(1077, 52, 'Sapporo'),
	(1078, 52, 'Scamp'),
	(1079, 52, 'Sundance'),
	(1080, 52, 'Trailduster'),
	(1081, 52, 'Voyager'),
	(1082, 52, 'Other Plymouth Models'),
	(1083, 53, '1000'),
	(1084, 53, '6000'),
	(1085, 53, 'Aztek'),
	(1086, 53, 'Bonneville'),
	(1087, 53, 'Catalina'),
	(1088, 53, 'Fiero'),
	(1089, 53, 'Firebird'),
	(1090, 53, 'G3'),
	(1091, 53, 'G5'),
	(1092, 53, 'G6'),
	(1093, 53, 'G8'),
	(1094, 53, 'Grand Am'),
	(1095, 53, 'Grand Prix'),
	(1096, 53, 'GTO'),
	(1097, 53, 'J2000'),
	(1098, 53, 'Le Mans'),
	(1099, 53, 'Montana'),
	(1100, 53, 'Parisienne'),
	(1101, 53, 'Phoenix'),
	(1102, 53, 'Safari'),
	(1103, 53, 'Solstice'),
	(1104, 53, 'Sunbird'),
	(1105, 53, 'Sunfire'),
	(1106, 53, 'Torrent'),
	(1107, 53, 'Trans Sport'),
	(1108, 53, 'Vibe'),
	(1109, 53, 'Other Pontiac Models'),
	(1110, 54, '911'),
	(1111, 54, '924'),
	(1112, 54, '928'),
	(1113, 54, '944'),
	(1114, 54, '968'),
	(1115, 54, 'Boxster'),
	(1116, 54, 'Carrera GT'),
	(1117, 54, 'Cayenne'),
	(1118, 54, 'Cayman'),
	(1119, 54, 'Panamera'),
	(1120, 54, 'Other Porsche Models'),
	(1121, 55, '1500'),
	(1122, 55, '2500'),
	(1123, 55, '3500'),
	(1124, 55, '4500'),
	(1125, 56, '18i'),
	(1126, 56, 'Fuego'),
	(1127, 56, 'Le Car'),
	(1128, 56, 'R18'),
	(1129, 56, 'Sportwagon'),
	(1130, 56, 'Other Renault Models'),
	(1131, 57, 'Camargue'),
	(1132, 57, 'Corniche'),
	(1133, 57, 'Ghost'),
	(1134, 57, 'Park Ward'),
	(1135, 57, 'Phantom'),
	(1136, 57, 'Silver Dawn'),
	(1137, 57, 'Silver Seraph'),
	(1138, 57, 'Silver Spirit'),
	(1139, 57, 'Silver Spur'),
	(1140, 57, 'Other Rolls-Royce Models'),
	(1141, 58, '9-2X'),
	(1142, 58, '9-3'),
	(1143, 58, '9-4X'),
	(1144, 58, '9-5'),
	(1145, 58, '9-7X'),
	(1146, 58, '900'),
	(1147, 58, '9000'),
	(1148, 58, 'Other Saab Models'),
	(1149, 59, 'Astra'),
	(1150, 59, 'Aura'),
	(1151, 59, 'ION'),
	(1152, 59, 'L Series (3)'),
	(1153, 59, 'L100'),
	(1154, 59, 'L200'),
	(1155, 59, 'L300'),
	(1156, 59, 'LS'),
	(1157, 59, 'LW Series (4)'),
	(1158, 59, 'LW1'),
	(1159, 59, 'LW2'),
	(1160, 59, 'LW200'),
	(1161, 59, 'LW300'),
	(1162, 59, 'Outlook'),
	(1163, 59, 'Relay'),
	(1164, 59, 'SC Series (2)'),
	(1165, 59, 'SC1'),
	(1166, 59, 'SC2'),
	(1167, 59, 'Sky'),
	(1168, 59, 'SL Series (3)'),
	(1169, 59, 'SL'),
	(1170, 59, 'SL1'),
	(1171, 59, 'SL2'),
	(1172, 59, 'SW Series (2)'),
	(1173, 59, 'SW1'),
	(1174, 59, 'SW2'),
	(1175, 59, 'Vue'),
	(1176, 59, 'Other Saturn Models'),
	(1177, 60, 'FR-S'),
	(1178, 60, 'iQ'),
	(1179, 60, 'tC'),
	(1180, 60, 'xA'),
	(1181, 60, 'xB'),
	(1182, 60, 'xD'),
	(1183, 61, 'fortwo'),
	(1184, 61, 'Other smart Models'),
	(1185, 62, 'Viper'),
	(1186, 63, '825'),
	(1187, 63, '827'),
	(1188, 63, 'Other Sterling Models'),
	(1189, 64, 'Baja'),
	(1190, 64, 'Brat'),
	(1191, 64, 'BRZ'),
	(1192, 64, 'Forester'),
	(1193, 64, 'Impreza'),
	(1194, 64, 'Impreza WRX'),
	(1195, 64, 'Justy'),
	(1196, 64, 'L Series'),
	(1197, 64, 'Legacy'),
	(1198, 64, 'Loyale'),
	(1199, 64, 'Outback'),
	(1200, 64, 'SVX'),
	(1201, 64, 'Tribeca'),
	(1202, 64, 'XT'),
	(1203, 64, 'XV Crosstrek'),
	(1204, 64, 'Other Subaru Models'),
	(1205, 65, 'Aerio'),
	(1206, 65, 'Equator'),
	(1207, 65, 'Esteem'),
	(1208, 65, 'Forenza'),
	(1209, 65, 'Grand Vitara'),
	(1210, 65, 'Kizashi'),
	(1211, 65, 'Reno'),
	(1212, 65, 'Samurai'),
	(1213, 65, 'Sidekick'),
	(1214, 65, 'Swift'),
	(1215, 65, 'SX4'),
	(1216, 65, 'Verona'),
	(1217, 65, 'Vitara'),
	(1218, 65, 'X-90'),
	(1219, 65, 'XL7'),
	(1220, 65, 'Other Suzuki Models'),
	(1221, 66, 'Roadster'),
	(1222, 67, '4Runner'),
	(1223, 67, 'Avalon'),
	(1224, 67, 'Camry'),
	(1225, 67, 'Celica'),
	(1226, 67, 'Corolla'),
	(1227, 67, 'Corona'),
	(1228, 67, 'Cressida'),
	(1229, 67, 'Echo'),
	(1230, 67, 'FJ Cruiser'),
	(1231, 67, 'Highlander'),
	(1232, 67, 'Land Cruiser'),
	(1233, 67, 'Matrix'),
	(1234, 67, 'MR2'),
	(1235, 67, 'MR2 Spyder'),
	(1236, 67, 'Paseo'),
	(1237, 67, 'Pickup'),
	(1238, 67, 'Previa'),
	(1239, 67, 'Prius'),
	(1240, 67, 'Prius C'),
	(1241, 67, 'Prius V'),
	(1242, 67, 'RAV4'),
	(1243, 67, 'Sequoia'),
	(1244, 67, 'Sienna'),
	(1245, 67, 'Solara'),
	(1246, 67, 'Starlet'),
	(1247, 67, 'Supra'),
	(1248, 67, 'T100'),
	(1249, 67, 'Tacoma'),
	(1250, 67, 'Tercel'),
	(1251, 67, 'Tundra'),
	(1252, 67, 'Van'),
	(1253, 67, 'Venza'),
	(1254, 67, 'Yaris'),
	(1255, 67, 'Other Toyota Models'),
	(1256, 68, 'TR7'),
	(1257, 68, 'TR8'),
	(1258, 68, 'Other Triumph Models'),
	(1259, 69, 'Beetle'),
	(1260, 69, 'Cabrio'),
	(1261, 69, 'Cabriolet'),
	(1262, 69, 'CC'),
	(1263, 69, 'Corrado'),
	(1264, 69, 'Dasher'),
	(1265, 69, 'Eos'),
	(1266, 69, 'Eurovan'),
	(1267, 69, 'Fox'),
	(1268, 69, 'GLI'),
	(1269, 69, 'Golf R'),
	(1270, 69, 'GTI'),
	(1271, 69, 'Golf and Rabbit Models (2)'),
	(1272, 69, 'Golf'),
	(1273, 69, 'Rabbit'),
	(1274, 69, 'Jetta'),
	(1275, 69, 'Passat'),
	(1276, 69, 'Phaeton'),
	(1277, 69, 'Pickup'),
	(1278, 69, 'Quantum'),
	(1279, 69, 'R32'),
	(1280, 69, 'Routan'),
	(1281, 69, 'Scirocco'),
	(1282, 69, 'Tiguan'),
	(1283, 69, 'Touareg'),
	(1284, 69, 'Vanagon'),
	(1285, 69, 'Other Volkswagen Models'),
	(1286, 70, '240'),
	(1287, 70, '260'),
	(1288, 70, '740'),
	(1289, 70, '760'),
	(1290, 70, '780'),
	(1291, 70, '850'),
	(1292, 70, '940'),
	(1293, 70, '960'),
	(1294, 70, 'C30'),
	(1295, 70, 'C70'),
	(1296, 70, 'S40'),
	(1297, 70, 'S60'),
	(1298, 70, 'S70'),
	(1299, 70, 'S80'),
	(1300, 70, 'S90'),
	(1301, 70, 'V40'),
	(1302, 70, 'V50'),
	(1303, 70, 'V70'),
	(1304, 70, 'V90'),
	(1305, 70, 'XC60'),
	(1306, 70, 'XC70'),
	(1307, 70, 'XC90'),
	(1308, 70, 'Other Volvo Models'),
	(1309, 71, 'GV'),
	(1310, 71, 'GVC'),
	(1311, 71, 'GVL'),
	(1312, 71, 'GVS'),
	(1313, 71, 'GVX'),
	(1314, 71, 'Other Yugo Models');
/*!40000 ALTER TABLE `vehicle_model` ENABLE KEYS */;
/*!40101 SET SQL_MODE=IFNULL(@OLD_SQL_MODE, '') */;
/*!40014 SET FOREIGN_KEY_CHECKS=IF(@OLD_FOREIGN_KEY_CHECKS IS NULL, 1, @OLD_FOREIGN_KEY_CHECKS) */;
/*!40101 SET CHARACTER_SET_CLIENT=@OLD_CHARACTER_SET_CLIENT */;
